{"RuleTriggered": 0, "Violations": 361, "Details": {"low_gpu_utilization": 772, "bottlenecks": {"1646731396.553434": {"GPUs": 1, "CPUs": 4}, "1646731397.049478": {"GPUs": 1, "CPUs": 4}, "1646731397.546695": {"GPUs": 1, "CPUs": 3}, "1646731398.046654": {"GPUs": 1, "CPUs": 1}, "1646731398.567346": {"GPUs": 1, "CPUs": 4}, "1646731399.54667": {"GPUs": 1, "CPUs": 4}, "1646731400.548654": {"GPUs": 1, "CPUs": 4}, "1646731401.047388": {"GPUs": 1, "CPUs": 3}, "1646731401.55406": {"GPUs": 1, "CPUs": 4}, "1646731402.048398": {"GPUs": 1, "CPUs": 4}, "1646731402.54777": {"GPUs": 1, "CPUs": 3}, "1646731403.048232": {"GPUs": 1, "CPUs": 4}, "1646731403.54689": {"GPUs": 1, "CPUs": 4}, "1646731404.048958": {"GPUs": 1, "CPUs": 4}, "1646731404.547648": {"GPUs": 1, "CPUs": 3}, "1646731405.046653": {"GPUs": 1, "CPUs": 4}, "1646731405.546823": {"GPUs": 1, "CPUs": 4}, "1646731406.049521": {"GPUs": 1, "CPUs": 4}, "1646731406.554484": {"GPUs": 1, "CPUs": 4}, "1646731407.046674": {"GPUs": 1, "CPUs": 4}, "1646731407.560403": {"GPUs": 1, "CPUs": 4}, "1646731408.048542": {"GPUs": 1, "CPUs": 4}, "1646731408.547062": {"GPUs": 1, "CPUs": 4}, "1646731409.047208": {"GPUs": 1, "CPUs": 4}, "1646731409.555465": {"GPUs": 1, "CPUs": 4}, "1646731410.063116": {"GPUs": 1, "CPUs": 4}, "1646731410.547302": {"GPUs": 1, "CPUs": 4}, "1646731411.046662": {"GPUs": 1, "CPUs": 4}, "1646731411.56642": {"GPUs": 1, "CPUs": 4}, "1646731412.046654": {"GPUs": 1, "CPUs": 4}, "1646731412.549153": {"GPUs": 1, "CPUs": 3}, "1646731413.065418": {"GPUs": 1, "CPUs": 2}, "1646731413.597431": {"GPUs": 1, "CPUs": 4}, "1646731415.046652": {"GPUs": 1, "CPUs": 3}, "1646731415.548065": {"GPUs": 1, "CPUs": 4}, "1646731416.04667": {"GPUs": 1, "CPUs": 1}, "1646731419.047692": {"GPUs": 1, "CPUs": 1}, "1646731420.54678": {"GPUs": 1, "CPUs": 2}, "1646731421.04673": {"GPUs": 1, "CPUs": 1}, "1646731421.546844": {"GPUs": 1, "CPUs": 2}, "1646731422.046667": {"GPUs": 1, "CPUs": 2}, "1646731422.547055": {"GPUs": 1, "CPUs": 1}, "1646731423.047074": {"GPUs": 1, "CPUs": 4}, "1646731423.546689": {"GPUs": 1, "CPUs": 4}, "1646731424.046975": {"GPUs": 1, "CPUs": 3}, "1646731424.546673": {"GPUs": 1, "CPUs": 3}, "1646731425.046692": {"GPUs": 1, "CPUs": 3}, "1646731425.546706": {"GPUs": 1, "CPUs": 2}, "1646731426.046664": {"GPUs": 1, "CPUs": 1}, "1646731426.546654": {"GPUs": 1, "CPUs": 1}, "1646731427.046673": {"GPUs": 1, "CPUs": 1}, "1646731427.547466": {"GPUs": 1, "CPUs": 2}, "1646731428.046846": {"GPUs": 1, "CPUs": 3}, "1646731428.546638": {"GPUs": 1, "CPUs": 1}, "1646731430.546734": {"GPUs": 1, "CPUs": 1}, "1646731433.549611": {"GPUs": 1, "CPUs": 1}, "1646731434.049345": {"GPUs": 1, "CPUs": 3}, "1646731434.549517": {"GPUs": 1, "CPUs": 2}, "1646731435.046654": {"GPUs": 1, "CPUs": 2}, "1646731435.546666": {"GPUs": 1, "CPUs": 2}, "1646731436.046629": {"GPUs": 1, "CPUs": 2}, "1646731436.546666": {"GPUs": 1, "CPUs": 2}, "1646731439.049493": {"GPUs": 1, "CPUs": 4}, "1646731439.546892": {"GPUs": 1, "CPUs": 1}, "1646731440.547553": {"GPUs": 1, "CPUs": 1}, "1646731441.555621": {"GPUs": 1, "CPUs": 4}, "1646731443.046632": {"GPUs": 1, "CPUs": 1}, "1646731443.549025": {"GPUs": 1, "CPUs": 4}, "1646731444.04689": {"GPUs": 1, "CPUs": 1}, "1646731444.565203": {"GPUs": 1, "CPUs": 4}, "1646731446.046641": {"GPUs": 1, "CPUs": 3}, "1646731446.546664": {"GPUs": 1, "CPUs": 1}, "1646731447.046649": {"GPUs": 1, "CPUs": 1}, "1646731447.547377": {"GPUs": 1, "CPUs": 1}, "1646731448.046672": {"GPUs": 1, "CPUs": 2}, "1646731449.04711": {"GPUs": 1, "CPUs": 2}, "1646731449.550851": {"GPUs": 1, "CPUs": 2}, "1646731452.047619": {"GPUs": 1, "CPUs": 1}, "1646731452.556502": {"GPUs": 1, "CPUs": 3}, "1646731453.046687": {"GPUs": 1, "CPUs": 2}, "1646731454.04667": {"GPUs": 1, "CPUs": 3}, "1646731454.558191": {"GPUs": 1, "CPUs": 2}, "1646731456.053999": {"GPUs": 1, "CPUs": 1}, "1646731456.546794": {"GPUs": 1, "CPUs": 3}, "1646731457.046689": {"GPUs": 1, "CPUs": 2}, "1646731459.057809": {"GPUs": 1, "CPUs": 1}, "1646731459.546673": {"GPUs": 1, "CPUs": 1}, "1646731461.046656": {"GPUs": 1, "CPUs": 1}, "1646731461.547394": {"GPUs": 1, "CPUs": 2}, "1646731462.046637": {"GPUs": 1, "CPUs": 1}, "1646731462.546696": {"GPUs": 1, "CPUs": 2}, "1646731463.047393": {"GPUs": 1, "CPUs": 2}, "1646731463.546652": {"GPUs": 1, "CPUs": 2}, "1646731464.046659": {"GPUs": 1, "CPUs": 1}, "1646731471.048981": {"GPUs": 1, "CPUs": 1}, "1646731473.046775": {"GPUs": 1, "CPUs": 2}, "1646731478.55119": {"GPUs": 1, "CPUs": 3}, "1646731479.047819": {"GPUs": 1, "CPUs": 4}, "1646731479.546673": {"GPUs": 1, "CPUs": 2}, "1646731480.048804": {"GPUs": 1, "CPUs": 1}, "1646731480.546657": {"GPUs": 1, "CPUs": 1}, "1646731481.546994": {"GPUs": 1, "CPUs": 1}, "1646731483.052816": {"GPUs": 1, "CPUs": 1}, "1646731484.046648": {"GPUs": 1, "CPUs": 1}, "1646731484.546643": {"GPUs": 1, "CPUs": 1}, "1646731485.046664": {"GPUs": 1, "CPUs": 1}, "1646731486.046648": {"GPUs": 1, "CPUs": 1}, "1646731486.546652": {"GPUs": 1, "CPUs": 1}, "1646731487.046666": {"GPUs": 1, "CPUs": 1}, "1646731487.546649": {"GPUs": 1, "CPUs": 1}, "1646731488.04666": {"GPUs": 1, "CPUs": 1}, "1646731488.54721": {"GPUs": 1, "CPUs": 2}, "1646731489.046667": {"GPUs": 1, "CPUs": 1}, "1646731489.546659": {"GPUs": 1, "CPUs": 1}, "1646731496.046643": {"GPUs": 1, "CPUs": 2}, "1646731496.547763": {"GPUs": 1, "CPUs": 2}, "1646731500.046652": {"GPUs": 1, "CPUs": 1}, "1646731500.546656": {"GPUs": 1, "CPUs": 1}, "1646731501.046659": {"GPUs": 1, "CPUs": 2}, "1646731501.546944": {"GPUs": 1, "CPUs": 2}, "1646731502.049522": {"GPUs": 1, "CPUs": 3}, "1646731502.547822": {"GPUs": 1, "CPUs": 2}, "1646731503.047468": {"GPUs": 1, "CPUs": 2}, "1646731503.547423": {"GPUs": 1, "CPUs": 3}, "1646731504.047032": {"GPUs": 1, "CPUs": 2}, "1646731504.54666": {"GPUs": 1, "CPUs": 3}, "1646731509.046756": {"GPUs": 1, "CPUs": 1}, "1646731511.546643": {"GPUs": 1, "CPUs": 1}, "1646731512.047171": {"GPUs": 1, "CPUs": 1}, "1646731520.546639": {"GPUs": 1, "CPUs": 1}, "1646731521.046652": {"GPUs": 1, "CPUs": 1}, "1646731521.546659": {"GPUs": 1, "CPUs": 1}, "1646731522.047517": {"GPUs": 1, "CPUs": 1}, "1646731522.546669": {"GPUs": 1, "CPUs": 1}, "1646731523.046653": {"GPUs": 1, "CPUs": 1}, "1646731523.546662": {"GPUs": 1, "CPUs": 1}, "1646731524.046681": {"GPUs": 1, "CPUs": 1}, "1646731524.546661": {"GPUs": 1, "CPUs": 1}, "1646731525.046663": {"GPUs": 1, "CPUs": 1}, "1646731525.547474": {"GPUs": 1, "CPUs": 1}, "1646731526.046706": {"GPUs": 1, "CPUs": 1}, "1646731526.546643": {"GPUs": 1, "CPUs": 2}, "1646731527.047367": {"GPUs": 1, "CPUs": 1}, "1646731527.546643": {"GPUs": 1, "CPUs": 1}, "1646731539.047594": {"GPUs": 1, "CPUs": 1}, "1646731539.547455": {"GPUs": 1, "CPUs": 1}, "1646731540.047962": {"GPUs": 1, "CPUs": 1}, "1646731543.046696": {"GPUs": 1, "CPUs": 1}, "1646731547.546676": {"GPUs": 1, "CPUs": 1}, "1646731548.54668": {"GPUs": 1, "CPUs": 1}, "1646731549.046787": {"GPUs": 1, "CPUs": 1}, "1646731550.547455": {"GPUs": 1, "CPUs": 1}, "1646731552.04667": {"GPUs": 1, "CPUs": 1}, "1646731552.546681": {"GPUs": 1, "CPUs": 1}, "1646731553.546665": {"GPUs": 1, "CPUs": 1}, "1646731554.546677": {"GPUs": 1, "CPUs": 1}, "1646731555.046693": {"GPUs": 1, "CPUs": 1}, "1646731555.546654": {"GPUs": 1, "CPUs": 1}, "1646731558.562769": {"GPUs": 1, "CPUs": 1}, "1646731559.046671": {"GPUs": 1, "CPUs": 1}, "1646731562.071924": {"GPUs": 1, "CPUs": 4}, "1646731562.547787": {"GPUs": 1, "CPUs": 4}, "1646731563.048281": {"GPUs": 1, "CPUs": 4}, "1646731563.546673": {"GPUs": 1, "CPUs": 3}, "1646731564.046672": {"GPUs": 1, "CPUs": 4}, "1646731564.547204": {"GPUs": 1, "CPUs": 2}, "1646731565.046888": {"GPUs": 1, "CPUs": 4}, "1646731566.049823": {"GPUs": 1, "CPUs": 4}, "1646731566.553852": {"GPUs": 1, "CPUs": 4}, "1646731567.054852": {"GPUs": 1, "CPUs": 4}, "1646731567.547652": {"GPUs": 1, "CPUs": 4}, "1646731568.049347": {"GPUs": 1, "CPUs": 2}, "1646731569.04669": {"GPUs": 1, "CPUs": 1}, "1646731570.546679": {"GPUs": 1, "CPUs": 4}, "1646731571.051201": {"GPUs": 1, "CPUs": 3}, "1646731572.046642": {"GPUs": 1, "CPUs": 1},