{"RuleTriggered": 0, "Violations": 53, "Details": {"low_gpu_utilization": 772, "bottlenecks": {"1646731426.046664": {"GPUs": 1, "CPUs": 1}, "1646731426.546654": {"GPUs": 1, "CPUs": 1}, "1646731427.046673": {"GPUs": 1, "CPUs": 1}, "1646731433.549611": {"GPUs": 1, "CPUs": 1}, "1646731434.049345": {"GPUs": 1, "CPUs": 1}, "1646731435.546666": {"GPUs": 1, "CPUs": 2}, "1646731436.046629": {"GPUs": 1, "CPUs": 2}, "1646731436.546666": {"GPUs": 1, "CPUs": 2}, "1646731447.046649": {"GPUs": 1, "CPUs": 1}, "1646731460.046665": {"GPUs": 1, "CPUs": 1}, "1646731461.046656": {"GPUs": 1, "CPUs": 1}, "1646731461.547394": {"GPUs": 1, "CPUs": 1}, "1646731462.046637": {"GPUs": 1, "CPUs": 1}, "1646731463.047393": {"GPUs": 1, "CPUs": 2}, "1646731463.546652": {"GPUs": 1, "CPUs": 1}, "1646731480.546657": {"GPUs": 1, "CPUs": 1}, "1646731484.046648": {"GPUs": 1, "CPUs": 1}, "1646731484.546643": {"GPUs": 1, "CPUs": 1}, "1646731485.046664": {"GPUs": 1, "CPUs": 1}, "1646731486.046648": {"GPUs": 1, "CPUs": 1}, "1646731486.546652": {"GPUs": 1, "CPUs": 1}, "1646731487.046666": {"GPUs": 1, "CPUs": 1}, "1646731487.546649": {"GPUs": 1, "CPUs": 1}, "1646731488.04666": {"GPUs": 1, "CPUs": 2}, "1646731488.54721": {"GPUs": 1, "CPUs": 2}, "1646731489.046667": {"GPUs": 1, "CPUs": 1}, "1646731489.546659": {"GPUs": 1, "CPUs": 1}, "1646731496.046643": {"GPUs": 1, "CPUs": 2}, "1646731500.046652": {"GPUs": 1, "CPUs": 1}, "1646731500.546656": {"GPUs": 1, "CPUs": 2}, "1646731501.046659": {"GPUs": 1, "CPUs": 2}, "1646731501.546944": {"GPUs": 1, "CPUs": 2}, "1646731502.049522": {"GPUs": 1, "CPUs": 3}, "1646731502.547822": {"GPUs": 1, "CPUs": 1}, "1646731503.047468": {"GPUs": 1, "CPUs": 1}, "1646731503.547423": {"GPUs": 1, "CPUs": 2}, "1646731504.047032": {"GPUs": 1, "CPUs": 1}, "1646731504.54666": {"GPUs": 1, "CPUs": 2}, "1646731521.046652": {"GPUs": 1, "CPUs": 2}, "1646731521.546659": {"GPUs": 1, "CPUs": 2}, "1646731522.047517": {"GPUs": 1, "CPUs": 1}, "1646731522.546669": {"GPUs": 1, "CPUs": 2}, "1646731523.046653": {"GPUs": 1, "CPUs": 1}, "1646731523.546662": {"GPUs": 1, "CPUs": 2}, "1646731524.046681": {"GPUs": 1, "CPUs": 2}, "1646731524.546661": {"GPUs": 1, "CPUs": 1}, "1646731525.046663": {"GPUs": 1, "CPUs": 1}, "1646731525.547474": {"GPUs": 1, "CPUs": 2}, "1646731526.046706": {"GPUs": 1, "CPUs": 1}, "1646731526.546643": {"GPUs": 1, "CPUs": 2}, "1646731527.047367": {"GPUs": 1, "CPUs": 1}, "1646731527.546643": {"GPUs": 1, "CPUs": 2}, "1646731555.046693": {"GPUs": 1, "CPUs": 1}}}, "Datapoints": 961, "RuleParameters": "threshold:50\nio_threshold:50\ngpu_threshold:10\npatience:1000"}