{"RuleTriggered": 0, "Violations": 0, "Details": {"step_num": {"first": 1646731544057821, "last": 1646731841229970}, "job_start": 1646731396.046908, "job_end": 1646731859.54698}, "Datapoints": 239, "RuleParameters": "threshold:20"}