{"RuleTriggered": 0, "Violations": 0, "Details": {"ratio": {"gpu_functions-dev:0": 53.195367287352624, "cpu_functions": 46.80463271264737}, "phase": {"Step:ModeKeys.TRAIN": 28.28222954048109, "others": 65.65446625980822, "Step:ModeKeys.EVAL": 6.063304199710685}, "phase_time": {}, "CPU": {"conv2d": 16.86010806000757, "convolution": 16.61209526240458, "_convolution": 16.45544379521121, "contiguous": 2.443468415436217, "cudnn_convolution": 14.741186607976095, "to": 13.898603359313272, "copy_": 15.657002706503928, "addmm": 3.3320917931471348}, "CPU_total": {"conv2d": 2931468, "convolution": 2888346, "_convolution": 2861109, "contiguous": 424846, "cudnn_convolution": 2563051, "to": 2416551, "copy_": 2722284, "addmm": 579351}, "GPU": {"conv2d": 17.717122211697504, "convolution": 17.690358824907435, "_convolution": 17.679378171765048, "cudnn_convolution": 17.58796136666273, "to": 12.359428999779812, "copy_": 13.963834859110555, "addmm": 3.001915566076914}, "GPU_total": {"conv2d": 3398000, "convolution": 3392867, "_convolution": 3390761, "cudnn_convolution": 3373228, "to": 2370438, "copy_": 2678150, "addmm": 575743}, "general": {"Forward": 100.0}}, "Datapoints": 0, "RuleParameters": ""}