{"RuleTriggered": 0, "Violations": 0, "Details": {"step_details": {"algo-1-26": {"step_stats": {"mean": 0.23524638862559244, "max": 13.634703, "p99": 3.1192128, "p95": 2.0874115, "p50": 0.023487, "min": 0.016021}, "number_of_outliers": 1, "phase": "Step:ModeKeys.TRAIN", "stddev": 1.12, "probs": [199, 0, 0, 0, 0, 0, 0, 0, 0, 0, 0, 0, 0, 0, 0, 0, 0, 0, 0, 0, 0, 0, 0, 0, 0, 0, 0, 0, 0, 0, 0, 0, 0, 0, 0, 0, 0, 0, 0, 0, 0, 0, 0, 0, 0, 0, 0, 1, 0, 0, 0, 0, 0, 0, 0, 0, 0, 0, 0, 0, 0, 0, 0, 0, 0, 0, 0, 0, 0, 0, 0, 0, 0, 0, 0, 0, 0, 0, 0, 0, 0, 0, 0, 0, 1, 0, 0, 0, 0, 1, 0, 0, 0, 3, 0, 1, 1, 0, 1, 2], "binedges": [0.016021, 0.047351210000000005, 0.07868142, 0.11001163000000003, 0.14134184000000002, 0.17267205000000002, 0.20400226000000005, 0.23533247000000004, 0.26666268000000004, 0.29799289000000007, 0.32932310000000004, 0.36065331000000006, 0.3919835200000001, 0.42331373000000005, 0.4546439400000001, 0.48597415000000005, 0.51730436, 0.54863457, 0.5799647800000001, 0.61129499, 0.6426252, 0.67395541, 0.7052856200000001, 0.7366158300000001, 0.7679460400000001, 0.79927625, 0.83060646, 0.8619366700000001, 0.8932668800000001, 0.9245970900000001, 0.9559273, 0.9872575100000001, 1.0185877200000002, 1.04991793, 1.0812481400000002, 1.1125783500000002, 1.1439085600000003, 1.1752387700000002, 1.2065689800000001, 1.2378991900000003, 1.2692294000000002, 1.3005596100000003, 1.3318898200000002, 1.3632200300000001, 1.3945502400000003, 1.4258804500000002, 1.4572106600000003, 1.4885408700000002, 1.5198710800000004, 1.5512012900000003, 1.5825315000000002, 1.6138617100000003, 1.6451919200000003, 1.6765221300000004, 1.7078523400000003, 1.7391825500000002, 1.7705127600000004, 1.8018429700000003, 1.8331731800000004, 1.8645033900000003, 1.8958336000000002, 1.9271638100000004, 1.9584940200000003, 1.9898242300000004, 2.02115444, 2.0524846500000002, 2.08381486, 2.11514507, 2.14647528, 2.1778054900000003, 2.2091357, 2.24046591, 2.2717961200000003, 2.30312633, 2.33445654, 2.3657867500000003, 2.39711696, 2.42844717, 2.4597773800000002, 2.4911075900000004, 2.5224378, 2.55376801, 2.5850982200000003, 2.61642843, 2.64775864, 2.6790888500000003, 2.71041906, 2.74174927, 2.7730794800000003, 2.8044096900000004, 2.8357399, 2.8670701100000002, 2.8984003200000004, 2.92973053, 2.96106074, 2.9923909500000003, 3.0237211600000005, 3.05505137, 3.0863815800000003, 3.1177117900000004, 3.149042], "step_numbers": ["0"]}}}, "Datapoints": 239, "RuleParameters": "threshold:3\nmode:None\nn_outliers:10\nstddev:3"}